,CP_1,CP_10,CP_2,CP_3,CP_4,CP_5,CP_6,CP_7,CP_8,CP_9,NP_1,NP_10,NP_2,NP_3,NP_4,NP_5,NP_6,NP_7,NP_8,NP_9,A_1,A_10,A_2,A_3,A_4,A_5,A_6,A_7,A_8,A_9,FC_1,FC_10,FC_2,FC_3,FC_4,FC_5,FC_6,FC_7,FC_8,FC_9,AC_1,AC_10,AC_2,AC_3,AC_4,AC_5,AC_6,AC_7,AC_8,AC_9,sum_cp,sum_np,sum_a,sum_fc,sum_ac
14630,3,4,4,4,4,2,4,3,1,1,4,4,3,3,4,4,4,4,3,4,3,4,4,4,4,3,4,4,3,4,4,3,4,3,3,4,3,3,4,4,4,4,4,4,3,4,4,4,4,4,30,37,37,35,39
14629,4,4,2,4,4,3,2,3,1,2,5,4,4,4,2,4,4,3,3,4,4,4,3,4,3,4,4,4,4,4,4,3,2,4,2,2,4,1,3,3,5,3,3,3,4,4,2,1,3,2,29,37,38,28,30
14626,3,4,3,4,4,2,2,2,1,1,4,3,4,4,3,4,4,4,3,4,3,3,3,3,3,4,3,4,3,4,4,4,3,2,2,3,3,2,3,3,3,3,4,4,4,4,3,2,3,3,26,37,33,29,33
14624,2,4,1,4,4,2,1,4,1,1,4,3,5,2,4,4,4,4,5,3,5,5,5,5,3,4,5,4,4,4,4,4,3,3,1,1,2,1,1,3,3,2,4,4,5,5,3,1,2,2,24,38,44,23,31
14627,3,4,1,4,5,2,2,1,1,1,4,4,4,3,3,5,5,3,1,4,3,4,4,3,2,4,3,4,3,4,4,3,3,4,2,3,2,3,1,2,3,4,3,4,4,2,1,1,4,1,24,36,34,27,27
14647,5,5,4,4,5,2,3,3,2,4,4,3,5,5,4,4,4,4,4,3,4,4,4,3,4,5,3,5,4,3,4,3,4,4,3,2,4,3,4,2,4,3,5,4,5,2,2,2,4,2,37,40,39,33,33
14644,3,3,3,3,3,3,3,3,3,3,3,3,3,3,3,3,3,3,3,3,3,3,3,3,3,3,3,3,3,3,3,3,3,3,3,3,3,3,3,3,3,3,3,3,3,3,3,3,3,3,30,30,30,30,30
14655,5,3,5,4,3,4,2,3,1,3,5,3,5,3,4,4,3,3,2,3,5,3,3,3,4,3,4,3,4,3,5,3,1,4,2,3,3,4,4,3,5,3,3,2,4,3,3,2,4,3,33,35,35,32,32
14638,3,4,2,5,5,2,2,3,1,2,4,4,4,4,4,4,4,3,2,4,3,4,4,2,4,4,3,4,4,5,4,2,3,2,2,4,3,2,3,2,5,2,3,4,4,3,2,2,3,1,29,37,37,27,29
14653,3,4,2,4,4,1,1,2,1,4,4,3,4,4,4,4,4,4,1,4,4,4,4,4,3,4,4,4,3,3,4,4,1,3,1,3,3,1,1,2,4,1,5,4,4,5,3,1,4,2,26,36,37,23,33
14649,4,5,5,5,4,1,2,4,1,3,4,5,4,5,3,4,5,4,2,3,5,4,5,4,4,5,3,5,3,4,5,5,5,4,3,3,4,2,2,4,4,3,3,4,3,2,2,2,3,2,34,39,42,37,28
14665,4,5,2,4,4,1,2,1,1,5,4,4,2,3,3,3,5,2,1,3,5,3,2,4,3,3,3,3,1,2,4,4,3,3,3,3,2,1,1,3,5,1,4,3,3,4,2,3,3,1,29,30,29,27,29
14666,3,4,2,5,4,3,1,2,1,1,4,4,4,2,4,4,4,4,3,4,4,4,3,3,3,3,4,4,3,4,4,3,4,3,2,2,4,2,1,3,5,1,3,3,4,3,3,2,4,2,26,37,35,28,30
14641,5,5,3,5,5,3,1,3,1,3,5,5,4,3,2,5,5,5,1,5,5,5,4,4,1,5,4,5,5,5,5,1,3,5,1,1,3,3,1,3,5,3,2,1,3,5,1,1,3,1,34,40,43,26,25
14669,3,5,1,4,4,1,1,3,1,1,4,2,4,1,2,4,5,2,1,2,5,4,3,4,1,3,5,4,3,4,5,1,3,3,2,1,3,1,1,1,4,1,2,2,3,4,1,1,2,1,24,27,36,21,21
14648,3,4,2,4,4,1,3,3,1,2,4,4,4,3,4,3,4,4,3,4,4,4,3,4,4,4,3,3,3,3,4,3,4,3,3,2,3,3,3,4,4,2,3,4,4,4,3,2,4,2,27,37,35,32,32
14684,4,4,3,4,3,3,3,3,2,2,4,4,3,4,4,3,4,4,4,4,3,4,4,4,2,4,3,4,4,4,3,3,4,3,2,3,3,3,2,3,3,2,3,3,4,4,3,2,3,2,31,38,36,29,29
14710,4,3,4,4,4,3,4,4,4,4,4,3,4,4,4,4,4,4,3,4,4,3,4,4,4,4,4,4,4,3,4,3,4,4,3,4,4,2,2,3,4,3,3,3,4,4,4,2,4,4,38,38,38,33,35
14640,2,4,1,5,4,2,1,2,1,1,4,1,4,4,3,3,5,4,4,2,4,3,5,2,3,3,5,4,4,5,4,1,2,2,1,1,3,3,3,1,2,1,4,3,4,4,2,1,2,1,23,34,38,21,24
14657,4,5,3,4,5,3,2,2,1,2,5,3,4,2,3,5,3,3,4,2,4,4,3,4,3,4,4,4,3,2,4,4,3,3,3,3,2,1,1,2,4,1,3,4,4,4,2,1,2,1,31,34,35,26,26
14699,3,3,2,4,3,1,1,1,1,1,4,3,4,2,4,3,3,3,1,4,4,3,2,3,3,3,2,3,3,3,3,3,4,2,2,1,3,2,1,4,1,3,3,3,3,3,4,1,1,3,20,31,29,25,25
14668,3,3,3,4,3,3,3,3,3,3,4,4,3,2,4,3,3,4,3,3,3,3,4,3,3,3,3,4,3,3,4,3,3,3,3,3,3,3,3,3,2,3,3,3,3,3,3,2,3,3,31,33,32,31,28
14642,2,3,2,4,4,3,2,2,1,3,4,3,3,3,4,2,4,3,2,2,3,3,3,2,1,2,2,4,2,3,5,4,2,2,2,1,2,3,1,4,3,2,4,1,2,2,1,2,1,1,26,30,25,26,19
14695,4,3,2,4,4,2,2,2,2,2,4,3,4,2,4,4,4,2,3,2,4,3,4,3,3,3,3,3,3,4,4,3,3,3,2,2,2,2,2,3,3,3,4,4,4,3,3,2,3,2,27,32,33,26,31
14698,2,4,2,4,4,2,2,3,1,3,3,3,4,2,4,4,4,3,3,3,3,3,1,3,3,2,3,3,3,3,3,4,3,5,1,3,4,1,2,3,3,1,3,4,4,3,3,1,4,3,27,33,27,29,29
14733,2,4,2,5,5,3,1,4,1,2,5,4,5,5,3,4,5,5,3,4,5,5,5,2,4,5,4,5,3,4,5,3,4,5,2,1,2,2,3,3,2,1,5,5,5,4,1,1,2,2,29,43,42,30,28
14639,1,4,2,5,4,1,1,2,1,2,3,4,4,3,3,4,5,4,1,4,4,4,3,4,1,4,4,5,3,4,4,3,2,3,1,2,2,1,1,2,2,2,3,2,3,3,4,2,3,1,23,35,36,21,25
14693,2,5,1,5,5,1,1,2,1,1,5,4,5,3,4,5,5,3,4,4,5,5,4,5,2,4,4,4,4,5,5,2,5,3,1,1,4,1,1,1,4,2,3,2,5,5,2,1,2,1,24,42,42,24,27
14677,2,3,1,4,3,2,2,3,1,1,2,3,4,3,3,3,4,3,2,3,4,3,3,4,2,3,3,3,3,3,5,3,4,3,1,2,3,1,1,3,3,4,2,3,4,3,2,1,3,1,22,30,31,26,26
14658,2,3,2,4,4,2,2,3,2,2,4,3,4,2,2,4,4,3,2,4,4,4,3,3,2,3,4,4,4,3,3,2,3,3,2,2,4,2,2,3,3,2,2,2,2,4,2,2,3,2,26,32,34,26,24
14738,4,4,3,4,4,3,3,3,2,3,4,4,3,4,4,4,3,4,3,3,3,4,3,4,3,4,3,4,3,3,3,2,3,4,2,3,4,2,3,4,4,3,4,3,4,4,3,2,3,2,33,36,34,30,32
14778,4,4,2,4,4,3,2,3,1,2,4,3,4,3,3,4,4,3,4,4,4,4,4,4,3,3,4,4,4,4,4,4,4,4,2,3,4,2,2,1,4,3,3,4,4,4,2,2,4,4,29,36,38,30,34
14637,3,4,3,4,5,2,2,3,1,2,4,3,3,2,2,3,3,3,2,2,5,4,3,2,4,4,3,4,3,3,5,4,3,3,2,2,3,2,2,3,3,2,4,3,4,3,1,2,2,2,29,27,35,29,26
14763,2,5,1,5,5,3,2,4,1,1,5,5,5,2,5,5,4,5,1,5,3,4,2,5,4,4,2,5,4,4,5,2,4,4,1,2,5,3,2,4,3,4,4,5,5,5,4,4,4,1,29,42,37,32,39
14779,4,4,3,4,4,2,1,2,2,4,3,3,4,4,4,4,4,3,4,4,4,4,4,4,3,4,4,4,4,4,4,5,3,3,4,2,4,1,2,4,3,4,4,4,2,4,2,1,4,2,30,37,39,32,30
14775,3,3,3,3,4,3,3,4,3,3,4,4,3,3,3,4,4,3,3,3,4,4,4,4,3,3,4,4,4,3,4,4,3,4,4,3,3,4,4,3,4,4,3,3,3,4,3,4,4,3,32,34,37,36,35
14709,3,4,2,4,4,2,1,3,1,2,4,2,3,2,3,4,4,2,3,2,4,4,3,4,3,4,4,4,4,4,4,3,2,3,3,2,4,1,2,4,4,2,3,3,3,3,2,1,2,2,26,29,38,28,25
14802,4,3,3,3,3,3,3,2,3,3,2,3,2,3,3,3,3,3,2,3,3,3,3,2,3,4,3,3,2,2,4,3,3,3,3,4,2,3,3,3,3,3,2,3,2,3,3,3,3,3,30,27,28,31,28
14628,3,5,1,5,5,1,1,2,1,2,5,5,5,4,4,5,4,3,2,4,4,3,2,5,3,4,4,4,4,4,3,3,3,4,1,2,3,2,1,3,3,3,3,4,4,4,3,2,3,1,26,41,37,25,30
14783,4,5,2,5,5,1,1,3,1,2,5,5,5,4,4,5,5,1,3,4,3,5,4,5,1,5,5,5,5,5,5,1,3,5,1,1,3,1,1,4,5,1,2,1,2,3,1,1,2,1,29,41,43,25,19
14787,3,4,2,3,3,2,2,3,1,2,3,2,3,2,3,3,3,3,2,2,3,3,3,3,3,3,4,3,3,3,3,3,1,1,2,2,3,2,2,2,3,1,3,3,3,3,3,2,3,2,25,26,31,21,26
14673,3,5,1,5,4,1,1,2,1,1,4,4,4,4,2,5,5,3,1,4,3,5,3,5,2,4,5,5,4,4,4,2,4,4,1,1,4,1,1,3,4,2,2,1,4,5,2,1,2,1,24,36,40,25,24
14714,3,4,1,5,5,1,2,3,1,1,4,3,4,4,3,4,4,2,3,4,4,4,4,4,3,4,3,4,4,5,5,1,4,3,1,2,3,3,3,2,3,2,3,4,4,3,1,1,4,1,26,35,39,27,26
14805,3,4,3,4,4,3,2,3,2,2,2,4,4,3,4,3,4,3,2,4,3,4,2,3,4,4,3,4,4,3,4,2,3,4,2,2,3,2,2,4,1,2,3,3,4,4,3,3,2,2,30,33,34,28,27
14804,2,4,2,4,4,2,2,3,1,2,4,3,4,3,4,4,4,4,3,3,4,4,3,3,2,4,4,4,4,4,4,2,2,3,2,2,3,3,2,3,4,3,2,4,4,4,2,2,3,1,26,36,36,26,29
14809,2,3,3,5,4,4,2,2,1,4,3,2,3,2,3,4,4,4,1,3,4,4,4,1,4,2,2,3,4,3,5,4,1,3,3,4,2,4,1,3,2,4,3,3,3,2,3,3,4,2,30,29,31,30,29
14711,3,4,2,5,4,3,2,3,1,1,4,4,5,3,4,5,5,3,1,3,4,3,3,4,4,3,4,3,1,3,4,4,5,2,1,2,3,1,4,3,4,3,5,4,4,4,4,2,3,2,28,37,32,29,35
14708,3,3,2,4,4,2,2,3,2,2,4,3,3,3,4,3,4,3,3,3,4,3,4,2,2,3,4,3,3,4,4,3,3,3,3,3,4,2,2,2,3,4,3,3,4,4,3,2,3,2,27,33,32,29,31
14834,3,4,2,5,5,3,3,3,1,2,5,5,4,4,3,3,5,2,3,5,5,5,4,4,2,5,4,4,5,5,5,2,4,4,2,2,4,2,2,3,3,3,2,3,4,5,2,2,2,1,31,39,43,30,27
14814,3,3,2,5,4,1,1,3,1,2,4,3,4,3,2,5,3,2,1,4,4,4,3,5,2,4,4,4,5,4,4,2,3,3,1,1,3,1,1,3,4,2,2,2,3,3,1,1,3,2,25,31,39,22,23
14817,3,4,2,4,5,2,1,3,1,1,4,5,4,3,4,5,5,2,2,3,4,5,3,3,2,5,4,4,4,4,4,2,3,3,2,2,3,1,1,1,3,1,3,5,4,5,2,4,2,2,26,37,38,22,31
14849,4,4,2,5,4,2,1,3,2,5,4,5,5,5,3,5,5,3,3,5,4,5,4,4,3,3,3,4,3,5,5,4,2,4,3,4,4,4,5,5,5,3,5,5,5,4,2,4,4,1,32,43,38,40,38
14853,4,5,1,5,5,1,1,3,1,1,5,3,4,3,3,4,5,3,4,3,3,5,4,5,1,5,5,4,5,4,5,1,4,4,3,1,3,1,1,4,3,1,1,1,2,4,1,1,3,1,27,37,41,27,18
14858,3,4,2,4,4,2,2,2,1,2,4,4,4,3,3,4,3,3,2,4,3,4,3,3,4,4,4,3,4,3,4,2,2,4,3,2,3,1,1,2,4,2,4,3,4,4,2,1,4,4,26,34,35,24,32
14871,4,4,1,5,4,2,1,1,1,1,5,3,4,4,4,4,4,4,1,3,3,3,3,4,2,4,4,3,4,4,4,3,5,2,1,2,3,3,1,2,4,2,5,5,5,4,3,1,3,1,24,36,34,26,33
14883,2,4,2,4,4,1,1,2,1,2,4,3,4,3,4,4,4,3,1,3,4,3,3,3,3,4,3,3,3,3,2,3,2,2,2,1,3,4,2,2,3,3,4,4,4,4,3,2,4,3,23,33,32,23,34
14860,3,4,1,4,5,1,1,1,1,3,4,3,4,3,3,4,2,3,1,3,4,4,3,4,2,4,1,4,3,4,3,1,1,2,2,1,4,1,1,1,1,1,4,4,4,4,4,1,3,1,24,30,33,17,27
14707,2,4,2,4,4,2,2,2,1,2,4,4,3,2,5,4,4,4,2,4,3,4,4,3,4,4,2,4,2,3,4,4,3,2,3,4,3,1,1,4,4,4,3,3,4,3,2,2,3,3,25,36,33,29,31
14731,4,4,2,5,5,3,2,3,1,3,4,3,5,3,3,4,4,2,3,3,4,4,4,4,2,4,4,5,4,4,4,2,4,3,1,2,4,1,2,4,4,2,3,3,4,4,2,1,2,1,32,34,39,27,26
14930,4,3,3,3,4,3,3,4,2,2,2,2,3,2,3,4,3,3,3,3,2,3,3,3,3,4,4,3,3,3,3,3,2,3,2,3,3,3,3,2,3,3,3,3,3,4,2,3,3,3,31,28,31,27,30
14919,5,3,2,4,3,3,4,4,1,3,3,3,3,2,4,4,3,4,3,3,3,3,4,2,4,4,3,4,3,4,5,4,4,4,2,2,4,4,1,4,3,2,2,4,4,3,2,1,2,1,32,32,34,34,24
14623,3,4,2,4,4,1,1,3,1,4,4,4,5,4,4,5,4,4,4,5,4,4,5,4,3,4,2,4,4,4,4,4,5,4,1,2,4,2,2,3,4,1,3,3,3,3,2,1,3,1,27,43,38,31,24
15036,4,5,1,4,5,1,1,4,1,2,5,4,4,4,2,4,4,2,4,4,4,4,4,4,1,4,4,5,4,4,4,1,3,4,1,1,5,1,1,4,4,1,1,4,5,4,2,1,4,1,28,37,38,25,27
15062,2,3,1,4,4,3,3,2,1,2,3,3,3,3,3,3,4,2,3,3,3,3,3,4,1,3,3,4,3,3,3,3,4,3,2,2,4,1,1,3,3,2,3,2,2,3,3,2,3,1,25,30,30,26,24
15126,3,3,4,4,5,3,4,4,4,2,3,4,2,4,3,4,3,4,4,4,3,4,4,3,3,3,3,4,4,3,4,3,3,3,3,3,4,4,4,4,3,3,3,4,4,4,3,3,3,4,36,35,34,35,34
15149,2,4,2,5,4,2,2,3,1,2,4,4,4,2,3,4,4,3,2,2,4,4,4,4,2,4,4,4,4,4,4,2,1,2,3,2,3,2,2,1,3,3,2,4,4,3,3,2,3,2,27,32,38,22,29
15204,2,4,2,4,4,2,1,3,1,2,2,4,4,2,3,4,4,3,1,3,4,4,3,2,3,4,4,4,4,4,4,2,3,4,2,2,4,4,2,2,4,2,4,4,4,4,2,1,4,2,25,30,36,29,31
15222,5,4,2,5,5,3,1,3,1,2,5,4,5,3,4,4,4,4,4,4,5,5,4,4,4,5,4,4,5,4,4,3,1,5,1,2,4,1,2,4,4,2,3,4,4,5,2,3,3,2,31,41,44,27,32
15169,4,4,3,5,5,2,1,4,1,3,4,4,4,3,4,4,4,3,2,4,5,5,4,4,2,4,4,4,4,4,5,2,3,3,2,2,4,1,1,3,5,2,2,4,4,3,2,1,2,1,32,36,40,26,26
15272,3,3,3,3,4,2,2,3,2,3,4,3,3,2,3,4,2,3,1,2,4,3,4,3,3,3,4,3,3,3,3,2,3,3,2,3,3,4,2,2,3,2,3,2,2,3,2,2,3,2,28,27,33,27,24
15274,2,4,3,4,4,2,2,3,1,2,3,3,3,2,3,3,3,3,1,3,4,4,4,4,3,4,3,4,3,3,4,2,4,3,3,3,2,1,3,3,4,2,2,3,4,4,2,2,2,1,27,27,36,28,26
15244,5,4,3,4,3,2,2,3,2,2,4,4,4,2,4,4,4,4,2,3,4,4,4,2,2,3,2,4,3,4,4,4,5,4,3,3,3,3,3,3,3,3,4,4,5,4,3,3,2,3,30,35,32,35,34
15289,3,4,2,4,4,1,2,2,1,2,4,4,4,4,3,4,4,4,4,4,4,4,4,4,1,5,2,5,4,4,4,4,4,3,2,3,5,1,1,4,4,4,3,4,4,4,2,2,3,2,25,39,37,31,32
15291,3,4,2,4,5,2,3,3,1,2,4,3,3,3,3,4,4,3,2,3,4,4,4,3,2,4,4,4,4,4,4,2,2,4,2,2,3,2,1,2,3,2,2,2,4,3,2,1,3,1,29,32,37,24,23
15304,3,3,4,4,3,4,3,4,1,3,4,4,4,3,3,5,2,3,3,3,4,4,4,4,3,4,4,4,3,3,4,2,3,3,2,1,4,2,2,3,3,2,3,4,4,4,4,2,3,2,32,34,37,26,31
15361,2,3,1,4,3,1,3,3,1,1,4,2,4,2,2,3,4,2,3,3,3,3,4,3,3,3,3,3,2,4,3,4,3,4,3,3,4,3,2,4,3,3,2,2,3,3,2,2,4,4,22,29,31,33,28
15395,3,4,3,4,4,2,2,3,1,3,4,4,3,4,3,3,3,2,2,3,3,4,4,4,3,4,3,3,3,4,4,3,3,3,2,2,4,2,2,3,4,3,4,3,4,4,2,2,3,2,29,31,35,28,31
15400,2,3,2,4,4,2,2,3,2,2,4,4,3,3,2,4,4,3,2,4,4,4,3,4,2,3,4,4,4,4,4,2,3,4,3,2,4,4,2,3,3,3,2,2,2,3,2,2,3,3,26,33,36,31,25
15426,3,4,3,4,4,3,2,3,2,2,4,2,4,2,3,4,3,2,3,2,4,3,4,4,3,4,4,4,4,4,3,3,3,3,3,2,4,2,2,3,3,3,3,3,4,4,2,2,3,2,30,29,38,28,29
15396,3,4,3,4,4,2,2,3,1,2,4,4,3,3,3,4,4,4,2,2,3,4,4,3,3,4,3,4,4,4,3,2,3,5,1,2,3,1,2,3,4,1,3,3,4,4,3,1,1,1,28,33,36,25,25
15456,3,3,3,4,3,2,2,3,2,2,3,3,3,2,3,3,3,3,2,3,3,3,3,3,3,3,3,3,3,3,3,3,3,3,2,3,3,2,2,2,3,3,3,3,3,3,3,2,3,2,27,28,30,26,28
15435,4,4,3,4,4,2,3,3,2,2,4,3,4,3,4,4,3,3,3,3,4,4,4,4,3,4,4,4,3,4,3,2,2,4,3,3,3,2,2,3,3,3,3,4,4,4,3,2,3,2,31,34,38,27,31
15515,4,5,3,5,4,1,2,2,1,2,4,3,4,2,3,3,4,2,2,2,4,3,4,3,2,3,3,5,3,4,4,2,2,3,2,1,3,1,1,3,3,1,3,3,4,3,3,3,3,3,29,29,34,22,29
15541,3,4,2,5,4,1,2,1,1,3,4,4,4,3,3,3,5,3,1,4,4,4,2,2,1,3,4,4,2,3,4,3,1,3,1,2,2,1,1,2,3,2,4,4,5,4,4,1,2,2,26,34,29,20,31
15557,2,4,2,4,4,3,3,3,1,2,3,3,3,2,3,4,4,3,3,3,3,4,4,4,4,4,3,4,4,3,4,1,3,4,2,4,4,1,3,3,3,3,2,3,4,3,2,1,2,1,28,31,37,29,24
15478,3,3,2,5,4,4,2,3,1,2,4,4,4,3,4,4,4,4,3,3,4,4,4,3,4,4,4,5,4,4,4,3,3,4,1,2,4,1,2,3,5,2,4,4,4,4,2,2,3,3,29,37,40,27,33
15571,2,4,3,4,4,4,2,4,1,4,3,4,2,4,5,4,4,4,2,2,3,4,4,2,4,3,2,3,4,2,4,5,4,4,2,3,3,4,2,5,3,2,5,5,5,3,4,2,2,2,32,34,31,36,33
14682,4,4,3,4,5,2,2,3,2,2,4,4,4,2,3,5,4,2,2,4,5,4,4,4,3,4,4,4,4,4,5,3,2,4,2,2,3,2,2,2,5,2,2,3,4,4,2,1,2,2,31,34,40,27,27
15597,1,4,1,5,5,1,1,2,1,1,3,3,4,2,3,4,5,2,2,3,5,4,2,3,1,4,5,5,5,4,5,1,1,3,1,1,3,1,1,3,3,1,3,2,3,4,1,1,3,1,22,31,38,20,22
15641,3,4,3,4,4,3,3,4,3,4,4,4,4,3,3,4,4,4,4,4,4,4,3,4,4,4,3,4,3,4,4,4,4,3,3,3,4,3,4,4,3,3,3,4,4,4,3,3,4,3,35,38,37,36,34
15654,2,4,2,4,4,2,2,3,2,2,4,3,5,4,4,4,4,4,3,4,4,4,2,3,3,4,4,4,4,4,4,3,3,4,2,2,4,2,2,2,2,2,3,4,4,4,3,2,3,2,27,39,36,28,29
15701,2,4,1,5,5,2,2,3,1,2,5,3,4,1,4,4,4,4,1,4,4,3,4,3,2,3,4,4,4,4,2,2,2,3,2,2,2,1,2,2,5,2,4,2,4,4,4,2,4,2,27,34,35,20,33
15299,4,4,3,5,3,3,1,3,1,4,4,2,4,1,4,3,3,4,1,2,3,3,3,3,3,4,3,5,3,4,4,2,2,5,2,3,4,2,1,2,5,3,3,4,4,4,3,2,3,3,31,28,34,27,34
15529,4,5,2,5,5,2,4,3,1,4,4,4,4,3,4,5,4,3,4,4,4,4,5,3,5,4,1,4,4,4,5,4,5,4,2,4,4,1,2,4,4,1,4,5,5,3,1,1,3,4,35,39,38,35,31
15758,5,5,1,5,5,2,1,2,1,1,5,4,4,5,5,5,5,3,2,2,5,5,5,5,4,4,2,5,4,4,5,2,5,4,3,2,3,3,2,4,5,2,5,4,4,3,2,1,5,3,28,40,43,33,34
15896,2,4,2,4,5,3,3,3,5,1,3,3,3,2,3,3,3,3,5,5,3,4,4,3,3,4,3,4,3,3,4,1,4,3,1,2,4,1,1,4,3,1,3,3,4,3,1,1,2,1,32,33,34,25,22
16207,3,5,2,4,4,3,1,2,1,2,5,4,4,4,4,4,4,3,2,4,3,4,4,4,5,5,4,4,4,4,3,4,2,3,2,3,3,2,2,3,4,4,4,3,4,4,3,1,4,3,27,38,41,27,34
16458,4,4,3,5,4,4,2,4,1,3,4,4,4,4,3,4,4,4,2,4,4,4,4,4,3,4,3,4,4,4,4,3,4,4,2,2,3,3,2,3,4,2,3,4,4,4,2,2,3,2,34,37,38,30,30
16522,3,4,3,5,4,3,2,3,1,3,3,3,2,2,4,3,3,3,2,3,4,3,4,3,4,3,4,4,3,4,4,1,2,3,2,1,4,2,3,2,3,2,3,4,4,4,3,2,3,2,31,28,36,24,30
16655,5,5,1,5,5,1,1,4,1,4,5,5,5,5,1,5,5,1,1,5,5,5,5,5,2,5,5,5,3,5,5,1,5,5,1,1,4,1,1,3,3,3,1,3,3,5,1,1,3,1,32,38,45,27,24
16933,2,5,4,5,5,1,4,3,1,4,4,4,4,3,4,3,4,4,1,5,4,4,2,4,4,4,3,4,4,5,4,1,3,4,2,3,4,1,1,4,4,1,4,5,5,4,1,1,2,1,34,36,38,27,28
16918,2,4,2,4,5,1,1,4,1,1,4,3,4,4,3,4,4,3,2,4,4,3,2,4,2,4,4,4,4,4,4,2,2,2,2,2,4,3,1,1,3,2,1,4,4,4,4,1,4,4,25,35,35,23,31
16962,3,4,3,4,5,4,2,4,2,3,3,3,4,3,4,4,4,3,2,3,4,4,4,4,3,4,4,4,3,3,4,2,3,3,2,2,3,3,2,3,4,3,3,4,4,4,3,2,4,2,34,33,37,27,33
17159,3,5,2,4,4,2,1,2,1,2,5,5,4,3,5,4,4,4,2,4,3,3,4,1,2,3,3,4,3,4,4,2,5,3,2,3,3,3,2,2,3,2,4,3,3,4,3,2,3,1,26,40,30,29,28
17568,3,4,3,4,4,3,3,4,2,3,3,2,4,3,5,4,4,4,2,4,4,3,4,4,4,3,2,4,3,4,4,4,3,4,2,4,3,4,2,3,4,3,4,4,4,4,2,2,4,4,33,35,35,33,35
18141,2,4,3,4,3,4,3,3,3,3,3,4,3,2,3,4,3,4,3,4,3,3,4,3,4,4,4,4,4,3,4,3,5,4,3,3,4,3,3,4,5,4,4,3,4,4,4,4,4,4,32,33,36,36,40
18796,3,3,3,4,4,3,3,3,3,2,3,3,4,3,3,3,4,3,4,3,4,3,3,3,3,3,3,3,3,3,4,2,3,3,3,3,3,3,3,3,4,2,3,2,3,3,3,2,3,2,31,33,31,30,27
20367,4,4,2,4,4,4,3,3,1,2,4,4,3,3,3,4,4,3,3,3,3,4,4,4,3,4,3,4,4,4,4,3,4,4,3,3,4,3,3,3,3,2,3,3,3,4,3,2,3,2,31,34,37,34,28
20180,4,4,2,4,5,2,2,3,1,2,4,4,4,4,3,4,5,3,2,4,4,4,4,4,3,4,4,4,4,4,4,2,3,4,1,2,3,1,1,2,3,2,4,3,4,4,2,1,3,1,29,37,39,23,27
23778,2,3,4,5,2,3,3,2,1,2,3,3,3,3,4,3,3,4,4,4,3,3,3,4,2,3,2,4,2,4,3,3,4,3,2,2,3,2,1,3,4,2,4,3,3,4,4,2,4,4,27,34,30,26,34
23802,1,4,2,4,4,3,1,4,1,2,3,4,3,3,3,4,4,2,2,3,4,5,4,4,3,3,4,5,4,4,4,1,3,4,3,1,3,1,2,3,3,3,4,3,3,4,3,2,2,1,26,31,40,25,28
24887,3,4,2,4,4,2,2,3,1,2,3,4,4,4,3,4,4,2,2,3,4,3,4,4,2,3,4,5,4,4,4,3,2,3,2,2,3,1,2,3,2,1,2,3,3,4,2,1,4,1,27,33,37,25,23
26069,4,4,4,4,4,2,3,4,1,3,4,4,4,4,4,4,4,4,2,4,4,4,4,4,4,4,4,4,4,4,4,3,3,4,4,2,4,1,2,4,4,4,4,4,4,4,4,3,3,3,33,38,40,31,37
26065,5,4,3,5,4,1,2,2,1,2,5,3,4,3,2,4,5,4,1,3,5,4,3,2,4,4,4,4,4,4,5,4,3,3,2,3,4,2,1,2,5,2,4,4,4,4,2,2,4,4,29,34,38,29,35
26058,2,4,2,4,3,2,1,2,2,2,4,2,3,2,3,3,2,2,1,3,4,3,3,2,3,3,3,4,3,3,4,2,3,3,3,2,3,1,2,2,3,2,3,3,3,3,2,2,3,3,24,25,31,25,27
26061,3,5,2,5,4,1,1,3,1,1,4,3,4,1,4,4,4,4,1,3,4,3,4,1,3,4,4,5,3,4,4,3,5,2,3,3,4,1,1,2,4,2,5,5,5,4,2,1,3,4,26,32,35,28,35
26062,2,4,1,4,4,3,1,2,1,1,4,2,3,3,2,4,4,2,1,3,3,4,3,2,2,4,4,4,3,4,4,3,1,3,1,3,3,1,1,3,2,2,3,3,3,3,2,2,2,2,23,28,33,23,24
26057,3,4,2,5,4,1,2,4,1,3,4,5,3,4,3,5,5,5,1,5,3,4,5,3,4,4,3,5,4,4,3,3,3,5,2,2,4,2,4,5,2,4,3,2,3,4,3,2,3,2,29,40,39,33,28
26077,4,3,1,4,3,3,2,3,1,3,4,3,4,2,2,4,4,4,3,3,4,3,3,3,4,4,4,4,4,2,4,3,5,4,3,1,4,1,2,3,4,2,4,4,4,4,4,2,3,1,27,33,35,30,32
26081,1,3,1,4,4,2,2,3,1,1,1,1,4,1,4,3,5,3,1,2,1,1,1,3,4,4,1,3,1,3,1,1,4,1,4,3,2,5,1,1,3,1,5,4,4,4,4,5,5,2,22,25,22,23,37
26076,3,3,2,5,4,3,2,3,1,3,4,3,3,2,3,4,4,4,3,4,3,3,3,3,3,4,4,3,2,4,3,4,5,3,2,2,2,1,2,3,1,2,3,5,5,3,3,2,2,4,29,34,32,27,30
26075,3,2,2,4,5,2,2,3,1,2,3,3,4,4,3,4,3,3,2,3,3,3,3,4,3,4,4,3,3,3,3,2,2,3,2,2,3,2,2,1,3,2,3,4,4,4,3,2,3,3,26,32,33,22,31
26074,3,4,1,4,4,1,1,2,1,1,5,4,4,3,4,4,4,3,1,4,4,4,4,4,1,4,4,4,4,4,4,1,2,3,1,2,4,1,1,3,4,2,4,2,4,4,3,1,3,1,22,36,37,22,28
26066,3,5,2,4,5,3,1,3,1,3,3,3,2,4,3,4,4,3,2,2,4,4,4,4,1,4,4,4,3,4,3,2,3,3,1,2,2,1,1,2,3,1,2,2,4,4,2,1,3,1,30,30,36,20,23
26064,3,4,1,5,4,2,1,3,1,1,4,1,4,2,4,3,4,4,1,3,4,4,3,2,3,4,5,4,3,4,3,3,2,3,1,1,2,2,1,1,3,2,4,4,3,4,4,2,3,4,25,30,36,19,33
26083,2,4,2,5,4,2,2,3,2,2,3,3,3,3,4,4,3,2,1,3,3,4,3,4,3,3,3,4,3,4,2,4,4,3,3,3,3,1,1,3,3,2,4,4,4,4,3,2,3,2,28,29,34,27,31
26063,3,3,2,3,3,2,2,3,2,3,3,3,3,3,3,3,3,3,2,3,3,3,3,3,3,3,3,3,3,3,3,3,3,3,2,3,3,2,3,3,3,3,3,2,3,3,3,3,3,2,26,29,30,28,28
26078,3,4,2,4,4,2,2,3,2,2,4,4,4,3,4,4,4,4,3,4,4,4,3,4,3,4,3,4,3,4,3,3,3,3,3,3,3,3,2,3,3,3,3,4,4,4,3,2,4,3,28,38,36,29,33
26090,3,3,3,4,3,1,3,3,1,2,3,3,3,3,2,4,3,3,3,3,3,4,4,3,4,3,3,4,3,4,3,2,3,3,2,2,3,1,2,3,3,2,3,3,3,3,3,3,3,1,26,30,35,24,27
26082,3,5,1,5,5,3,1,2,1,3,4,3,4,3,3,5,5,4,2,4,4,4,3,3,3,4,3,5,3,4,4,3,4,4,1,1,3,2,1,3,4,2,3,3,4,5,3,1,4,2,29,37,36,26,31
26085,1,4,1,4,3,2,2,4,2,4,3,2,2,1,3,4,4,3,1,4,4,4,4,1,3,2,3,4,3,4,4,4,2,4,3,2,3,3,4,2,3,2,2,3,3,4,1,2,2,2,27,27,32,31,24
26093,3,3,2,3,3,3,3,2,1,2,4,3,3,3,3,3,3,3,2,3,3,3,3,2,2,2,2,3,3,3,3,3,4,2,2,2,3,1,1,3,3,2,3,2,2,3,3,3,3,2,25,30,26,24,26
26132,3,5,1,5,5,4,1,4,1,1,4,4,5,5,1,5,4,1,1,3,5,5,5,3,5,5,5,5,5,5,5,1,1,4,4,1,3,4,4,1,5,1,3,4,5,5,1,1,1,4,30,33,48,28,30
26095,2,4,3,4,4,2,2,4,1,2,3,3,3,2,3,3,4,3,2,3,3,4,3,3,2,3,3,4,3,4,3,1,4,3,2,3,3,3,1,3,3,1,3,3,4,3,2,2,3,2,28,29,32,26,26
26125,2,4,3,5,4,1,1,3,1,2,3,4,3,1,5,4,5,2,4,4,5,5,5,2,1,4,4,5,3,5,3,2,2,5,2,1,5,1,1,2,3,4,2,4,4,4,2,1,2,2,26,35,39,24,28
26147,3,4,1,5,5,1,1,2,1,2,4,3,4,3,4,4,3,3,3,3,3,3,3,4,3,4,3,4,3,3,4,2,3,3,2,2,3,1,1,3,5,2,4,3,4,5,3,3,4,3,25,34,33,24,36
26148,3,3,3,3,3,3,3,3,3,3,4,3,3,3,3,3,3,3,3,3,3,3,3,3,3,3,3,3,3,3,3,3,3,3,3,3,3,3,3,3,3,3,3,3,3,3,3,3,3,3,30,31,30,30,30
26141,3,4,3,4,3,2,2,2,1,2,4,5,4,3,3,4,4,3,2,4,3,4,3,3,3,4,3,4,2,4,3,3,3,4,3,2,4,2,1,3,3,2,3,3,3,4,3,3,4,2,26,36,33,28,30
26157,4,4,2,4,4,3,2,2,2,4,4,3,3,2,4,4,3,3,2,3,3,4,3,4,3,4,4,4,3,4,3,3,3,4,3,4,3,2,2,2,3,2,4,4,4,3,2,2,4,4,31,31,36,29,32
26140,4,4,2,5,4,2,2,3,1,3,4,3,3,3,3,4,3,2,2,3,3,3,4,4,3,4,3,4,3,4,4,2,3,3,2,3,4,2,2,2,3,2,2,3,4,3,2,2,3,1,30,30,35,27,25
26171,4,3,2,4,4,1,2,3,1,2,4,4,4,3,4,4,5,4,3,3,4,4,4,4,4,4,4,4,4,4,4,3,3,5,3,3,4,4,3,2,3,3,4,3,4,4,2,2,2,1,26,38,40,34,28
26160,4,5,4,4,4,2,1,4,1,4,4,4,4,4,3,4,4,2,2,4,4,5,4,5,2,4,4,4,4,5,5,4,4,4,2,2,4,1,1,4,4,3,3,4,4,4,3,1,3,1,33,35,41,31,30
26161,1,5,2,5,5,2,3,2,1,2,4,4,3,3,1,4,4,3,3,2,5,5,5,5,3,5,4,5,5,4,5,3,3,5,2,2,5,1,1,3,5,1,1,3,5,3,1,1,3,1,28,31,46,30,24
26173,4,3,3,4,4,3,3,4,2,3,4,3,3,4,3,4,3,3,3,3,4,4,4,4,3,4,3,4,3,3,4,2,3,4,3,3,3,3,3,3,4,2,3,3,3,3,3,3,3,2,33,33,36,31,29
26178,5,5,5,5,5,1,1,4,1,3,5,4,5,5,5,5,5,3,4,3,5,5,5,5,1,5,5,5,5,5,5,2,5,5,1,2,3,1,1,1,5,2,5,4,5,5,3,4,1,1,35,44,46,26,35
26170,3,4,2,4,4,2,2,3,1,2,4,3,4,4,3,4,4,4,3,4,4,4,4,3,3,4,3,4,3,4,3,4,4,4,2,3,4,2,1,3,4,3,3,4,4,4,3,2,3,3,27,37,36,30,33
26191,3,3,2,3,3,2,2,3,1,2,3,3,3,3,2,3,3,2,2,3,3,3,3,3,2,3,3,3,2,3,3,2,3,3,3,2,3,2,2,3,2,2,2,2,2,3,2,2,3,2,24,27,28,26,22
26198,3,4,3,2,5,2,2,3,1,2,4,4,4,3,3,4,4,3,2,4,4,4,4,4,2,4,4,4,4,4,4,2,3,5,2,3,4,1,1,3,4,3,2,2,4,4,2,2,3,1,27,35,38,28,27
26202,2,5,2,5,4,2,3,3,1,2,4,4,3,2,3,4,5,3,4,5,3,4,4,4,2,4,3,4,4,4,4,1,4,4,3,2,4,1,1,3,3,1,1,3,2,4,3,1,3,1,29,37,36,27,22
26216,4,4,2,5,5,3,1,4,1,3,4,4,4,4,3,5,3,3,3,4,4,5,4,4,4,5,3,4,4,5,5,3,5,5,2,2,3,1,2,3,3,2,5,5,5,4,1,2,3,1,32,37,42,31,31
26258,3,4,2,4,4,2,3,3,1,3,4,3,4,4,3,4,3,2,2,4,3,4,4,4,3,3,3,4,3,3,4,2,4,3,2,2,4,1,1,3,4,3,3,3,3,4,3,2,3,4,29,33,34,26,32
26328,3,4,2,4,5,2,2,3,2,2,4,3,5,3,3,4,4,4,2,4,4,4,4,4,3,4,3,4,4,4,4,2,4,4,2,2,3,3,2,3,3,3,4,4,4,4,3,2,4,3,29,36,38,29,34
26199,3,4,2,4,4,2,2,2,1,1,4,3,4,3,4,4,4,3,2,4,4,4,3,4,1,3,2,4,3,4,4,4,4,3,1,2,4,1,1,2,3,3,3,2,3,4,3,1,4,1,25,35,32,26,27
26400,3,4,2,4,5,4,2,2,1,3,4,4,3,4,4,4,4,4,2,4,5,4,4,5,2,4,4,4,3,4,4,2,3,4,2,4,3,1,2,3,4,3,4,4,4,4,2,1,4,2,30,37,39,28,32
26514,4,3,4,3,3,3,5,3,3,3,4,2,4,3,3,2,3,4,4,3,3,3,3,4,2,3,4,4,3,3,4,3,2,3,4,2,4,4,2,3,4,3,3,4,3,3,3,3,2,4,34,32,32,31,32
26519,4,4,2,4,4,3,4,4,2,2,4,2,4,2,4,4,4,2,2,3,3,3,2,2,2,4,4,4,3,4,4,4,2,2,2,2,3,2,2,2,2,4,4,3,4,4,2,2,4,4,33,31,31,25,33
26671,2,3,2,4,2,2,4,2,1,2,3,3,3,2,4,3,3,3,3,2,3,3,3,2,3,3,3,4,2,4,3,3,2,3,2,3,3,1,1,3,3,2,4,4,4,3,2,2,2,2,24,29,30,24,28
26765,3,4,2,4,4,2,2,2,1,2,4,3,3,3,4,4,4,4,2,3,4,4,3,3,4,3,4,4,3,4,3,2,2,4,2,3,3,2,1,2,4,2,4,3,4,4,3,1,3,2,26,34,36,24,30
26739,3,4,2,4,5,3,1,3,1,2,4,3,4,5,3,5,4,2,3,4,3,5,5,4,1,4,3,4,3,5,4,3,3,3,1,2,3,3,1,3,3,2,2,2,4,4,2,2,2,2,28,37,37,26,25
26816,2,3,1,5,4,1,2,3,1,2,2,3,3,2,3,3,5,2,2,3,5,4,4,4,1,3,5,5,3,5,4,2,3,3,1,1,3,1,1,1,3,2,3,3,3,5,3,1,4,3,24,28,39,20,30
26895,3,4,2,4,4,2,1,3,1,2,5,4,4,4,3,4,5,3,2,4,4,4,4,4,2,4,4,5,3,4,4,3,4,5,2,2,4,3,2,3,5,1,3,3,3,3,2,2,4,4,26,38,38,32,30
27004,3,3,3,3,3,3,3,3,3,3,3,3,3,3,3,3,3,3,3,3,3,3,3,3,3,3,3,3,3,3,3,3,3,3,3,3,3,3,3,3,3,3,3,3,3,3,3,3,3,3,30,30,30,30,30
27015,2,3,2,3,4,3,3,3,2,2,3,4,3,3,4,3,3,3,3,3,3,3,3,3,2,3,3,3,3,3,3,3,2,2,3,3,3,2,2,3,2,2,3,3,4,3,2,2,3,2,27,32,29,26,26
27046,1,2,2,3,3,1,2,2,1,1,3,2,3,1,2,2,3,2,2,1,3,2,1,2,3,3,2,3,2,2,3,2,3,2,2,2,3,1,2,2,3,1,3,3,3,3,2,2,1,4,18,21,23,22,25
27725,3,3,3,3,3,3,3,3,3,3,3,3,3,3,3,3,3,3,3,3,3,3,3,3,3,3,3,3,3,3,3,3,3,3,3,3,3,3,3,3,3,3,3,3,3,3,3,3,3,3,30,30,30,30,30
27863,2,5,1,5,5,1,1,2,1,2,5,5,5,2,5,4,5,4,4,5,5,5,3,5,3,5,4,5,4,5,4,2,5,4,1,1,2,1,1,2,5,2,4,4,4,5,3,3,5,3,25,44,44,23,38
28045,2,5,2,4,4,2,2,3,1,2,4,3,3,3,3,3,4,3,3,3,4,4,4,3,3,3,4,3,4,4,3,1,3,3,2,2,3,1,1,3,4,3,4,3,3,3,3,2,4,3,27,32,36,22,32
